"","Subject","Start Date","Start Time","End Date","End Time","All Day Event","Description","Location","Private"
"1","Talk 1","03/19/2018","15:52:00","03/19/2018","16:14:00","","A Bayesian Approach for Pattern Detection in Extremely Small Sample Sizes: Application to Proteomic Cell Line Data of Human Leukemia","ASC 165","FALSE"
"2","Talk 2","03/20/2018","14:50:00","03/20/2018","15:10:00","","A Bayesian Approach to Diagnosis of the Gaussian Random Field Assumption","ASC 165","FALSE"
"3","Talk 3","03/18/2018","09:22:00","03/18/2018","09:43:00","","A Bayesian HSROC Model for Network Meta-analysis of Diagnostic Tests","AMT 100","FALSE"
"4","Talk 4","03/19/2018","09:22:00","03/19/2018","09:43:00","","A Combined Estimating Function Approach to Count Data Regression Modeling","ART 163","FALSE"
"5","Talk 5","03/19/2018","14:14:00","03/19/2018","14:36:00","","A Comparison of Association Methods for Fine-Mapping from Sequence Data in Diploid Populations using the Case-Control Study Design","SCI 333","FALSE"
"6","Talk 6","03/19/2018","11:07:00","03/19/2018","11:28:00","","A Comparison of Mixture Modeling Approaches for Clustering Longitudinal Binary Data","AMT 101","FALSE"
"7","Talk 7","03/19/2018","14:14:00","03/19/2018","14:36:00","","A Convex Regression Approach to Pickands Dependence Function Estimation","AMT 101","FALSE"
"8","Talk 8","03/18/2018","11:07:00","03/18/2018","11:28:00","","A deep learning-based integrative analysis framework for molecular classification of breast cancer","ASC 165","FALSE"
"9","Talk 9","03/20/2018","09:22:00","03/20/2018","09:43:00","","A Dirichlet Regression Model for Compositional Data with Zeros","ASC 165","FALSE"
"10","Talk 10","03/19/2018","09:22:00","03/19/2018","09:43:00","","A Doubly Robust Estimator for Indirectly Standardized Mortality Ratios","SCI 124","FALSE"
"11","Talk 11","03/20/2018","10:25:00","03/20/2018","10:46:00","","A Flexible Parametric Proportional Hazards Model for Time-to-Event Data","ART 163","FALSE"
"12","Talk 12","03/19/2018","09:22:00","03/19/2018","09:43:00","","A Hierarchical Credibility Approach to Modeling Mortality Rates for Multiple Populations","AMT 102","FALSE"
"13","Talk 13","03/19/2018","14:14:00","03/19/2018","14:36:00","","A Latent Gaussian Mixture Model for Longitudinal Data","SCI 124","FALSE"
"14","Talk 14","03/18/2018","10:25:00","03/18/2018","10:46:00","","A Longitudinal Linear Mixed Effect Model for Bivariate Responses with Measurement Errors and Misclassification in Covariates","AMT 102","FALSE"
"15","Talk 15","03/19/2018","10:04:00","03/19/2018","10:25:00","","A More Dynamic Lab Experience: Implementation of Weekly Automated and Teaching Assistant Supported Lab Exercises to Increase Student Engagement through Small-Step Learning","AMT 101","FALSE"
"16","Talk 16","03/18/2018","11:28:00","03/18/2018","11:49:00","","A Multi-State Model for a Life Insurance Product with Integrated Health Rewards Program","AMT 101","FALSE"
"17","Talk 17","03/20/2018","16:10:00","03/20/2018","16:30:00","","A Multivariate Rare-Variant Association Test for Non-Normally Distributed Phenotypes","AMT 102","FALSE"
"18","Talk 18","03/19/2018","09:43:00","03/19/2018","10:04:00","","A New Weighted Quantile Regression","AMT 100","FALSE"
"19","Talk 19","03/19/2018","10:04:00","03/19/2018","10:25:00","","A Nonparametric Test for Detecting Periodicity in Time Series","AMT 100","FALSE"
"20","Talk 20","03/20/2018","13:50:00","03/20/2018","14:10:00","","A Novel Hidden Markov Model Approach for Differentially Methylated Region Identification in DNA Methylation Data","AMT 102","FALSE"
"21","Talk 21","03/19/2018","11:28:00","03/19/2018","11:49:00","","A Penalized Approach to Estimating Network Changes in the Human Microbiome","AMT 101","FALSE"
"22","Talk 22","03/19/2018","14:36:00","03/19/2018","14:58:00","","A Potts Mixture Spatiotemporal Joint Model for Combined MEG and EEG Data","ASC 165","FALSE"
"23","Talk 23","03/19/2018","12:00:00","03/20/2018","17:00:00","","A Power Comparison of Robust Tests for Monotone Trend in Recurrent Event Processes","EME 201","FALSE"
"24","Talk 24","03/20/2018","09:01:00","03/20/2018","09:22:00","","A Probabilistic-Based Approach for Clustering Sparse Single-Cell DNA Methylation Data","AMT 101","FALSE"
"25","Talk 25","03/18/2018","15:30:00","03/18/2018","15:52:00","","A Relational Model for Predicting Farm-Level Crop Yield Distributions in the Absence of Farm-Level Data","AMT 102","FALSE"
"26","Talk 26","03/19/2018","13:30:00","03/19/2018","13:52:00","","A Robust Allele-based Regression Framework for Testing Association and Hardy-Weinberg Equilibrium","SCI 333","FALSE"
"27","Talk 27","03/19/2018","12:00:00","03/20/2018","17:00:00","","A Second Chance? - A SoTL Project on Implementing Midterm Corrections in a Large Introductory-Level Statistics Course","EME 201","FALSE"
"28","Talk 28","03/18/2018","13:30:00","03/18/2018","13:52:00","","A Self-Selecting Procedure for the Optimal Discretization of the Timeline for Longitudinal Causal Inference Methods with Electronic Health Data","SCI 333","FALSE"
"29","Talk 29","03/18/2018","09:01:00","03/18/2018","09:22:00","","A Simple Tool for Bounding the Deviation of Random Matrices on Geometric Sets, with Applications","AMT 100","FALSE"
"30","Talk 30","03/18/2018","09:22:00","03/18/2018","09:43:00","","A Simple Variance Control Chart with Double Sampling Scheme","SCI 124","FALSE"
"31","Talk 31","03/19/2018","12:00:00","03/20/2018","17:00:00","","A Time Series Approach for the Underlying Driven Process in Stocks and its Large Sample Theory","EME 201","FALSE"
"32","Talk 32","03/18/2018","14:14:00","03/18/2018","14:36:00","","A Unified Empirical Likelihood Approach to Testing MCAR and Subsequent Estimation","AMT 102","FALSE"
"33","Talk 33","03/19/2018","13:30:00","03/19/2018","13:52:00","","Accurate Confidence Intervals for Clustered Data and Small Samples","ASC 165","FALSE"
"34","Talk 34","03/18/2018","15:52:00","03/18/2018","16:14:00","","Achieving Higher Efficiency and Robustness in Longitudinal Studies with Dropout","AMT 100","FALSE"
"35","Talk 35","03/19/2018","15:52:00","03/19/2018","16:14:00","","Adaptive Functional Regression with Manifold Structures","AMT 102","FALSE"
"36","Talk 36","03/19/2018","12:00:00","03/20/2018","17:00:00","","Advanced Regression Models for Automated Valuation Model","EME 201","FALSE"
"37","Talk 37","03/18/2018","09:43:00","03/18/2018","10:04:00","","Aggregate Claim Analysis in a Two-sided Exit Setting with Dependence","AMT 101","FALSE"
"38","Talk 38","03/19/2018","15:30:00","03/19/2018","15:52:00","","An Ancestral Tree-Based Approach to Detect Rare and Common Variants","AMT 100","FALSE"
"39","Talk 39","03/19/2018","11:07:00","03/19/2018","11:28:00","","An Extended Compound Symmetry Model for High-dimensional Covariance Matrix Estimation","ART 163","FALSE"
"40","Talk 40","03/20/2018","13:30:00","03/20/2018","13:50:00","","An Interval Censored MPR Survival Model","AMT 102","FALSE"
"41","Talk 41","03/18/2018","08:40:00","03/18/2018","09:01:00","","An Overview of Existing and a Novel Approaches to Multi-label Classification","AMT 100","FALSE"
"42","Talk 42","03/18/2018","13:30:00","03/18/2018","13:52:00","","Analysis of Cluster-Randomized Trials with a Longitudinal Outcome Subject to Irregular Observation","SCI 124","FALSE"
"43","Talk 43","03/19/2018","09:22:00","03/19/2018","09:43:00","","Analysis of Heterogeneous Lifetime Data with Measurement Error in Covariate","AMT 101","FALSE"
"44","Talk 44","03/19/2018","15:30:00","03/19/2018","15:52:00","","Analysis of Recurrent Events Data Based on Trend-Renewal Process","AMT 101","FALSE"
"45","Talk 45","03/18/2018","11:07:00","03/18/2018","11:28:00","","Analysis of Recurrent Events with Dynamic Models for Dependent Gap Times: A Copula Approach","AMT 102","FALSE"
"46","Talk 46","03/19/2018","10:04:00","03/19/2018","10:25:00","","Approximation of Squared Integrable Random Variables with Nonlinear Stochastic Integrals","ART 163","FALSE"
"47","Talk 47","03/20/2018","09:22:00","03/20/2018","09:43:00","","Approximations to Facilitate Data Assimilation for High Dimensional Dynamical Systems","AMT 101","FALSE"
"48","Talk 48","03/20/2018","09:43:00","03/20/2018","10:04:00","","Archimedean Copulas through Multivariate Gamma Distributions","ASC 165","FALSE"
"49","Talk 49","03/18/2018","10:04:00","03/18/2018","10:25:00","","Aspects of Genetic Meta-Analysis under Data Uncertainty","AMT 100","FALSE"
"50","Talk 50","03/19/2018","14:14:00","03/19/2018","14:36:00","","Automated Homework Generation and Grading with R","ART 163","FALSE"
"51","Talk 51","03/18/2018","09:22:00","03/18/2018","09:43:00","","Balanced Imputation for Swiss Cheese Nonresponse","ASC 165","FALSE"
"52","Talk 52","03/19/2018","14:36:00","03/19/2018","14:58:00","","Bayesian Adaptive Designs for Efficient Drug Development and Precision Oncology","AMT 100","FALSE"
"53","Talk 53","03/20/2018","14:30:00","03/20/2018","14:50:00","","Bayesian Optimality for Beran's Class of Tests of Uniformity around the Circle","ART 163","FALSE"
"54","Talk 54","03/20/2018","13:30:00","03/20/2018","13:50:00","","Bayesian Sensitivity Analysis for Non-ignorable Missing Data in Longitudinal Studies","AMT 101","FALSE"
"55","Talk 55","03/19/2018","10:46:00","03/19/2018","11:07:00","","Benefits of Transformations in the Analysis of Health Utility Data","AMT 100","FALSE"
"56","Talk 56","03/20/2018","11:07:00","03/20/2018","11:28:00","","Block-Wise Descent Algorithms for Group Variable-selection in Quantile Regression","ASC 165","FALSE"
"57","Talk 57","03/19/2018","13:52:00","03/19/2018","14:14:00","","Box-Cox Time Series","SCI 124","FALSE"
"58","Talk 58","03/20/2018","09:22:00","03/20/2018","09:43:00","","Breaking the Myth of Breaking Randomization: A Causal Examination of Arm-Based Meta-Analysis","SCI 333","FALSE"
"59","Talk 59","03/18/2018","15:52:00","03/18/2018","16:14:00","","Building a Basketball Analytics Startup as a Statistics Student","AMT 101","FALSE"
"60","Talk 60","03/18/2018","14:36:00","03/18/2018","14:58:00","","Calibration of Measurements: An Extension of Classic Measurement Error Theory","ART 163","FALSE"
"61","Talk 61","03/20/2018","14:50:00","03/20/2018","15:10:00","","Causal Inference from Big Data: Theoretical Foundations and the Data-Fusion Problem","AMT 102","FALSE"
"62","Talk 62","03/19/2018","13:30:00","03/19/2018","13:52:00","","Causal Inference with Measurement Error in Outcomes: Bias Analysis and Estimation Methods","AMT 101","FALSE"
"63","Talk 63","03/20/2018","10:46:00","03/20/2018","11:07:00","","Challenges and Strategies for Inference on a Stochastic Multi-Pathogen Model of Disease Dynamics in San Luis Potosi, Mexico ","AMT 101","FALSE"
"64","Talk 64","03/19/2018","09:01:00","03/19/2018","09:22:00","","Change Point Detection in Functional Time Series Models for Yield Curves","AMT 101","FALSE"
"65","Talk 65","03/20/2018","09:01:00","03/20/2018","09:22:00","","Change-Point Detection in Time Series using Ordinal Patterns","SCI 333","FALSE"
"66","Talk 66","03/20/2018","08:40:00","03/20/2018","09:01:00","","Classical and Modern Multivariate Statistical Analysis","AMT 100","FALSE"
"67","Talk 67","03/19/2018","08:40:00","03/19/2018","09:01:00","","Clustering Discrete Valued Time Series","AMT 100","FALSE"
"68","Talk 68","03/19/2018","10:25:00","03/19/2018","10:46:00","","Clustering of Functional Data using Mixture Model-Based Clustering","AMT 101","FALSE"
"69","Talk 69","03/19/2018","09:01:00","03/19/2018","09:22:00","","Combatting Overfitting in Finite Mixture Models","ASC 165","FALSE"
"70","Talk 70","03/18/2018","13:30:00","03/18/2018","13:52:00","","Combining Multiple Samples through Density Ratio Models for More Efficient Estimation","EME 100","FALSE"
"71","Talk 71","03/20/2018","09:01:00","03/20/2018","09:22:00","","Common-Factor Multivariate Stochastic Volatility Modeling with Observable Proxy","AMT 102","FALSE"
"72","Talk 72","03/18/2018","11:07:00","03/18/2018","11:28:00","","Comparing Bayesian External and Internal Validation Methods in Correcting Outcome Misclassification Bias in Logistic Regression","AMT 100","FALSE"
"73","Talk 73","03/18/2018","09:22:00","03/18/2018","09:43:00","","Comparison of Multivariate Classifiers in the Presence of Covariates in Repeated Measures Designs","ART 163","FALSE"
"74","Talk 74","03/19/2018","10:04:00","03/19/2018","10:25:00","","Component Selection and Estimation for Functional Semiparametric Additive Model","ASC 165","FALSE"
"75","Talk 75","03/19/2018","15:30:00","03/19/2018","15:52:00","","Computational Neuroscience: A Romance of Many Disciplines","SCI 333","FALSE"
"76","Talk 76","03/19/2018","16:36:00","03/19/2018","16:58:00","","Conditional Dependence Models under Covariate Measurement Error","ASC 165","FALSE"
"77","Talk 77","03/20/2018","15:50:00","03/20/2018","16:10:00","","Confidence Estimating Functions for Data Integration","AMT 102","FALSE"
"78","Talk 78","03/20/2018","15:30:00","03/20/2018","15:50:00","","Constrained Mean-Variance Portfolio in a Market with Stochastic Volatility","ASC 165","FALSE"
"79","Talk 79","03/18/2018","09:01:00","03/18/2018","09:22:00","","Continuous Models for Aggregated Spatio-Temporal Data in Practice","EME 100","FALSE"
"80","Talk 80","03/20/2018","09:22:00","03/20/2018","09:43:00","","Copula Dependence Modeling for Multi-type Recurrent Events using Composite Likelihood","AMT 100","FALSE"
"81","Talk 81","03/18/2018","09:43:00","03/18/2018","10:04:00","","Correcting False Discovery Rates for their Bias Toward False Positives","SCI 124","FALSE"
"82","Talk 82","03/19/2018","15:30:00","03/19/2018","15:52:00","","Data Science Programs at the University of Waterloo","ART 163","FALSE"
"83","Talk 83","03/20/2018","14:30:00","03/20/2018","14:50:00","","Deflation Risk and Implications for Life Insurers","AMT 100","FALSE"
"84","Talk 84","03/18/2018","16:14:00","03/18/2018","16:36:00","","Dependent Models for the Duration and Size of BC Fires","ART 163","FALSE"
"85","Talk 85","03/18/2018","09:43:00","03/18/2018","10:04:00","","Design and Relative Efficiency of Tracing Studies in Cohorts with Loss to Followup","AMT 100","FALSE"
"86","Talk 86","03/18/2018","09:01:00","03/18/2018","09:22:00","","Designing and Launching a Professional Master’s Program in Data Science: Tales from the UBC Experience","AMT 101","FALSE"
"87","Talk 87","03/18/2018","15:30:00","03/18/2018","15:52:00","","Detecting Adverse Drug Effects from Pharmacovigilance Databases","ASC 165","FALSE"
"88","Talk 88","03/18/2018","14:36:00","03/18/2018","14:58:00","","Development of Quality Assurance Program for Jaundice Meter Management","AMT 101","FALSE"
"89","Talk 89","03/18/2018","15:30:00","03/18/2018","15:52:00","","Disclosure Control and Random Tabular Adjustment","SCI 124","FALSE"
"90","Talk 90","03/18/2018","09:43:00","03/18/2018","10:04:00","","Discordance in Hormone Receptor Status Between Two Primary Breast Cancers: The Impact of Misclassification","AMT 102","FALSE"
"91","Talk 91","03/19/2018","12:00:00","03/20/2018","17:00:00","","Discriminant Analysis for Longitudinal Data","EME 201","FALSE"
"92","Talk 92","03/18/2018","13:52:00","03/18/2018","14:14:00","","DM-PhyClus: A Bayesian Phylogenetic Clustering Algorithm Incorporating Dirichlet-Multinomial Priors","AMT 101","FALSE"
"93","Talk 93","03/18/2018","14:36:00","03/18/2018","14:58:00","","Dynamic Treatment Regimes via Reward Ignorant Modelling","SCI 333","FALSE"
"94","Talk 94","03/18/2018","10:04:00","03/18/2018","10:25:00","","Educreations: Video Tools for Statistical Teaching","ASC 165","FALSE"
"95","Talk 95","03/18/2018","15:52:00","03/18/2018","16:14:00","","Effectiveness of Gamification Feature in Introductory Statistics Course","AMT 102","FALSE"
"96","Talk 96","03/19/2018","13:52:00","03/19/2018","14:14:00","","Efficient Conversion Probability Estimator for Display Advertising","SCI 333","FALSE"
"97","Talk 97","03/19/2018","09:01:00","03/19/2018","09:22:00","","Efficiently Computing the Projection Median in $R^3$","ART 163","FALSE"
"98","Talk 98","03/18/2018","16:36:00","03/18/2018","16:58:00","","Empirical Eigenvalue Based Testing for Structural Breaks in Linear Factor Models","AMT 100","FALSE"
"99","Talk 99","03/20/2018","10:04:00","03/20/2018","10:25:00","","Empirical Likelihood and Semiparametric Inference with Survey Data","ASC 165","FALSE"
"100","Talk 100","03/20/2018","13:30:00","03/20/2018","13:50:00","","Empirical Likelihood Multiscale Inference of the Scaling Property of Time Series Models","AMT 100","FALSE"
"101","Talk 101","03/20/2018","13:30:00","03/20/2018","13:50:00","","Ergodicity and Approximation of the Conditional Causation Probability of Engineering Systems","ART 163","FALSE"
"102","Talk 102","03/19/2018","12:00:00","03/20/2018","17:00:00","","Estimating a Disease Prevalence with Group Testing Data and Imperfect Assays","EME 201","FALSE"
"103","Talk 103","03/18/2018","09:01:00","03/18/2018","09:22:00","","Estimating Cross-validatory Predictive P-values with Integrated Importance Sampling for Disease Mapping Models","SCI 124","FALSE"
"104","Talk 104","03/18/2018","10:25:00","03/18/2018","10:46:00","","Estimating the Population Size of Greater Victoria’s Injection Drug Users using Capture-Recapture Methods","AMT 101","FALSE"
"105","Talk 105","03/19/2018","10:25:00","03/19/2018","10:46:00","","Estimation and Classification for Finite Mixture Models with Order Statistics","AMT 100","FALSE"
"106","Talk 106","03/18/2018","10:25:00","03/18/2018","10:46:00","","Estimation and Identification of Varying-Coefficient Additive Models for Locally Stationary Process","SCI 333","FALSE"
"107","Talk 107","03/18/2018","15:52:00","03/18/2018","16:14:00","","Estimation and Inference in Directional Mixed Models for Compositional Data","ASC 165","FALSE"
"108","Talk 108","03/20/2018","10:46:00","03/20/2018","11:07:00","","Estimation in Model Selection after Imputation","ART 163","FALSE"
"109","Talk 109","03/20/2018","10:25:00","03/20/2018","10:46:00","","Estimation Strategies for Weighted Least Absolute Deviations Regression Models","SCI 333","FALSE"
"110","Talk 110","03/18/2018","14:14:00","03/18/2018","14:36:00","","Event History Analysis of Data from Non-Ignorable Observation Schemes","AMT 100","FALSE"
"111","Talk 111","03/20/2018","13:50:00","03/20/2018","14:10:00","","Expanding the Predictive Ability of an Interpretable Tree","ART 163","FALSE"
"112","Talk 112","03/18/2018","09:22:00","03/18/2018","09:43:00","","Factor Copula Analysis for Multivariate Ordinal Data","AMT 101","FALSE"
"113","Talk 113","03/18/2018","13:52:00","03/18/2018","14:14:00","","Feature Selection Methods for the Development of Case Definitions for Common Chronic Conditions in Primary Care Electronic Medical Record Data","SCI 333","FALSE"
"114","Talk 114","03/18/2018","09:01:00","03/18/2018","09:22:00","","Flipping the Online Learning Environment","ASC 165","FALSE"
"115","Talk 115","03/20/2018","09:43:00","03/20/2018","10:04:00","","Foldover Designs with Column Permutations","SCI 124","FALSE"
"116","Talk 116","03/18/2018","13:52:00","03/18/2018","14:14:00","","From Brain to Hand to Statistics with Dynamic Smoothing","SCI 124","FALSE"
"117","Talk 117","03/19/2018","09:43:00","03/19/2018","10:04:00","","Full-Range Tail Dependence Copulas","AMT 102","FALSE"
"118","Talk 118","03/19/2018","13:30:00","03/19/2018","13:52:00","","Functional Central Limit Theorems for Self-Normalized Processes with Statistical Applications","AMT 102","FALSE"
"119","Talk 119","03/18/2018","14:14:00","03/18/2018","14:36:00","","G-estimation and Model Selection for Dynamic Treatment Regimes","SCI 333","FALSE"
"120","Talk 120","03/20/2018","14:50:00","03/20/2018","15:10:00","","Gene Set Enrichment Analysis in Longitudinal Studies","AMT 101","FALSE"
"121","Talk 121","03/18/2018","15:30:00","03/18/2018","15:52:00","","Generalized Bent-Cable Regression for Changepoint Data","AMT 101","FALSE"
"122","Talk 122","03/20/2018","09:01:00","03/20/2018","09:22:00","","Generalized Simulated Method-of-Moments for Copula Parameters of Arbitrary Dimension","ART 163","FALSE"
"123","Talk 123","03/18/2018","15:30:00","03/18/2018","15:52:00","","Generative Mixture of Networks","SCI 333","FALSE"
"124","Talk 124","03/19/2018","12:00:00","03/20/2018","17:00:00","","Genetic Risk Prediction for Type X Colorectal Cancer Families","EME 201","FALSE"
"125","Talk 125","03/19/2018","09:22:00","03/19/2018","09:43:00","","Geo-Dependent Individual-Level Models for Infectious Diseases Transmission","AMT 100","FALSE"
"126","Talk 126","03/18/2018","16:36:00","03/18/2018","16:58:00","","Geographic Topic Modelling to Predict Regional Beer Success","AMT 102","FALSE"
"127","Talk 127","03/18/2018","09:22:00","03/18/2018","09:43:00","","Geostatistical Inference under Preferential Sampling","EME 100","FALSE"
"128","Talk 128","03/20/2018","09:01:00","03/20/2018","09:22:00","","Good Deal Indices in Asset Pricing: Actuarial and Financial Implications","AMT 100","FALSE"
"129","Talk 129","03/18/2018","09:01:00","03/18/2018","09:22:00","","Gosset at Guinness: How ‘Student’ Derived (and Checked) the Distribution of his z-statistic","ART 163","FALSE"
"130","Talk 130","03/19/2018","09:01:00","03/19/2018","09:22:00","","Group Variable Selection for Recurrent Event Data","SCI 333","FALSE"
"131","Talk 131","03/19/2018","13:30:00","03/19/2018","13:52:00","","Hierarchical Models for Combining N-of-1 Trials","AMT 100","FALSE"
"132","Talk 132","03/19/2018","12:00:00","03/20/2018","17:00:00","","High Dimensional Clustering: tHDDC","EME 201","FALSE"
"133","Talk 133","03/19/2018","10:04:00","03/19/2018","10:25:00","","How Best to Bridge the Gap between Statistics and Medical Practice","SCI 333","FALSE"
"134","Talk 134","03/20/2018","15:10:00","03/20/2018","15:30:00","","How the Design of the New Zealand Health Survey Contributes to Informed Decision Making in Public Health Policy","AMT 102","FALSE"
"135","Talk 135","03/18/2018","09:43:00","03/18/2018","10:04:00","","How to Brew your Beer Tour with Data Science","SCI 333","FALSE"
"136","Talk 136","03/19/2018","13:30:00","03/19/2018","13:52:00","","How to tell when Association might be Causation","ART 163","FALSE"
"137","Talk 137","03/20/2018","14:50:00","03/20/2018","15:10:00","","Identifying Expression Quantitative Trait Loci in Genome-Wide Association Studies using Matrix eQTL","SCI 333","FALSE"
"138","Talk 138","03/20/2018","10:25:00","03/20/2018","10:46:00","","Importance Sampling Techniques for Single Index Models","ASC 165","FALSE"
"139","Talk 139","03/19/2018","09:43:00","03/19/2018","10:04:00","","Improved Estimation and Identification of Block-Exchangeable Dependence Structures","AMT 101","FALSE"
"140","Talk 140","03/19/2018","10:46:00","03/19/2018","11:07:00","","Improved Global Minimum Variance Portfolio via a Dominant Eigenvalue Shrinkage","ART 163","FALSE"
"141","Talk 141","03/18/2018","09:22:00","03/18/2018","09:43:00","","Improving Risk Assessment using Market Expectations and Information from Model Risks","AMT 102","FALSE"
"142","Talk 142","03/19/2018","16:36:00","03/19/2018","16:58:00","","Incorporating Auxiliary Information by Joint Modelling of Pseudo Data and Length Biased Data","AMT 102","FALSE"
"143","Talk 143","03/20/2018","14:30:00","03/20/2018","14:50:00","","Incorporating Contact Network Uncertainty in Individual-Level Models of Infectious Disease using Approximate Bayesian Computation","ASC 165","FALSE"
"144","Talk 144","03/18/2018","13:52:00","03/18/2018","14:14:00","","Incorporating Medians in Meta-Analysis","AMT 102","FALSE"
"145","Talk 145","03/18/2018","09:01:00","03/18/2018","09:22:00","","Incorporating Simulation-Based Inference in an Introductory Statistics Course","AMT 102","FALSE"
"146","Talk 146","03/20/2018","11:28:00","03/20/2018","11:49:00","","Individual Level Modelling of Infectious Disease Data: EpiILM","AMT 100","FALSE"
"147","Talk 147","03/18/2018","15:52:00","03/18/2018","16:14:00","","Industrial Quality Improvement Workshops and Applications","EME 100","FALSE"
"148","Talk 148","03/18/2018","09:01:00","03/18/2018","09:22:00","","Inference from Survival Data using Imprecise Probabilities","SCI 333","FALSE"
"149","Talk 149","03/20/2018","14:10:00","03/20/2018","14:30:00","","Innovations in Sampling for Insecure and Data-Poor Environments","AMT 102","FALSE"
"150","Talk 150","03/20/2018","10:04:00","03/20/2018","10:25:00","","Investigating the Impact of Design Characteristics on Statistical Efficiency within Discrete Choice Experiments: A Systematic Survey","AMT 100","FALSE"
"151","Talk 151","03/18/2018","14:14:00","03/18/2018","14:36:00","","Is All That Coffee I’m Drinking Hurting or Harming Me? Understanding Causality","SCI 124","FALSE"
"152","Talk 152","03/19/2018","16:14:00","03/19/2018","16:36:00","","Issues with Inference in Adaptive Optimal Design","AMT 102","FALSE"
"153","Talk 153","03/20/2018","11:07:00","03/20/2018","11:28:00","","Job Vacancy and Wage Survey: Balancing Sampling and Operational Requirements using the Cube Method","AMT 101","FALSE"
"154","Talk 154","03/20/2018","09:01:00","03/20/2018","09:22:00","","Joint Analysis of a Longitudinal Binary Outcome and Recurrent Events with Application to Cystic Fibrosis Outcomes","SCI 124","FALSE"
"155","Talk 155","03/19/2018","09:01:00","03/19/2018","09:22:00","","Joint Analysis of Longitudinal Zero-heavy Panel Count Outcomes with Application to Understanding Desistance from Criminal Activity","SCI 124","FALSE"
"156","Talk 156","03/20/2018","09:22:00","03/20/2018","09:43:00","","Joint Modeling of Longitudinal Proportional Measurements and Survival Times with a Cure Fraction","ART 163","FALSE"
"157","Talk 157","03/19/2018","15:52:00","03/19/2018","16:14:00","","Joint Modelling of Count, Continuous and Semi-Continuous Longitudinal Data","AMT 101","FALSE"
"158","Talk 158","03/19/2018","13:52:00","03/19/2018","14:14:00","","Kernel-Based Causal Inference","AMT 101","FALSE"
"159","Talk 159","03/20/2018","09:43:00","03/20/2018","10:04:00","","Left-Truncated and Right-Censored Survival Data Analysis with Covariate Measurement Error","ART 163","FALSE"
"160","Talk 160","03/19/2018","12:00:00","03/20/2018","17:00:00","","Local Influence Analysis of a State-Space Fish Stock Assessment Model Compared to Conventional Modelling Approaches","EME 201","FALSE"
"161","Talk 161","03/20/2018","14:10:00","03/20/2018","14:30:00","","Localized Quantile Regression of Realized Volatility","AMT 100","FALSE"
"162","Talk 162","03/18/2018","10:46:00","03/18/2018","11:07:00","","Mapping Complex Traits, Rare Variants and Interaction via the Coalescent Process with Recombination ","AMT 101","FALSE"
"163","Talk 163","03/20/2018","09:01:00","03/20/2018","09:22:00","","Matrix Linear Discriminant Analysis","ASC 165","FALSE"
"164","Talk 164","03/19/2018","09:43:00","03/19/2018","10:04:00","","Maximum Likelihood Estimation of Marine Predators' Diet Proportions","SCI 333","FALSE"
"165","Talk 165","03/19/2018","13:30:00","03/19/2018","13:52:00","","Measurement and Association Testing of 5-hydroxymethylcytosine (5hmC) Methylation","SCI 124","FALSE"
"166","Talk 166","03/19/2018","13:52:00","03/19/2018","14:14:00","","Measuring Cash and Payment Card Usage at the Point-of-Sale for Consumers and Merchants","ART 163","FALSE"
"167","Talk 167","03/18/2018","10:25:00","03/18/2018","10:46:00","","Methods of Selecting a Person within a Household: Mailed Invitations for an Electronic Questionnaire","ASC 165","FALSE"
"168","Talk 168","03/20/2018","14:30:00","03/20/2018","14:50:00","","Minimum Profile Hellinger Distance Estimation for Two-Class Location Models","AMT 101","FALSE"
"169","Talk 169","03/18/2018","15:30:00","03/18/2018","15:52:00","","Missing Data Mechanisms for Incomplete Longitudinal Observations in both Responses and Covariates","AMT 100","FALSE"
"170","Talk 170","03/19/2018","12:00:00","03/20/2018","17:00:00","","Mixture Model Averaging for Clustering","EME 201","FALSE"
"171","Talk 171","03/18/2018","10:46:00","03/18/2018","11:07:00","","Mode Detection in a Non-Stationary Environment","AMT 102","FALSE"
"172","Talk 172","03/18/2018","13:30:00","03/18/2018","13:52:00","","Model-Robust Designs for Generalized Linear Mixed Models with Possible Misspecification","AMT 100","FALSE"
"173","Talk 173","03/19/2018","12:00:00","03/20/2018","17:00:00","","Modeling and Treatment of Surveillance Flu Data","EME 201","FALSE"
"174","Talk 174","03/19/2018","11:07:00","03/19/2018","11:28:00","","Modeling Recurrent Gap times Through Conditional GEE","AMT 100","FALSE"
"175","Talk 175","03/20/2018","13:50:00","03/20/2018","14:10:00","","Modeling T-cell Trajectory Data using Hidden Markov Models","AMT 100","FALSE"
"176","Talk 176","03/19/2018","16:14:00","03/19/2018","16:36:00","","Modeling the Random Effects Covariance Matrix for Longitudinal Data with Covariate Measurement Error","ASC 165","FALSE"
"177","Talk 177","03/18/2018","13:30:00","03/18/2018","13:52:00","","Modelling Bivariate Count Time Series with Extra Zeros","ASC 165","FALSE"
"178","Talk 178","03/18/2018","10:04:00","03/18/2018","10:25:00","","Modelling Multi-Population Mortality Dependence with a Regime-Switching Copula","SCI 333","FALSE"
"179","Talk 179","03/19/2018","12:00:00","03/20/2018","17:00:00","","Modelling the Effects of Memory on Bumblebee Pollination Services","EME 201","FALSE"
"180","Talk 180","03/19/2018","15:52:00","03/19/2018","16:14:00","","Motivating Introductory Statistics","ART 163","FALSE"
"181","Talk 181","03/18/2018","09:22:00","03/18/2018","09:43:00","","Multiple Imputation of Incomplete Accelerometer Data","SCI 333","FALSE"
"182","Talk 182","03/18/2018","11:28:00","03/18/2018","11:49:00","","Multivariate Response-Dependent Two-Phase Sampling Designs","ASC 165","FALSE"
"183","Talk 183","03/18/2018","11:07:00","03/18/2018","11:28:00","","New approach to GIX/Geom/1 Queues involving Heavy-Tailed distributions","ART 163","FALSE"
"184","Talk 184","03/20/2018","11:07:00","03/20/2018","11:28:00","","Non-identifiable Interaction Models with Misclassification","AMT 100","FALSE"
"185","Talk 185","03/19/2018","09:01:00","03/19/2018","09:22:00","","Non-regular Inference for Dynamic Weighted Ordinary Least Squares: Understanding the Impact of Solid Food Intake in Infancy on Childhood Weight","AMT 100","FALSE"
"186","Talk 186","03/18/2018","09:43:00","03/18/2018","10:04:00","","Non-response Follow-up for Business Surveys","ASC 165","FALSE"
"187","Talk 187","03/20/2018","10:46:00","03/20/2018","11:07:00","","Nonparametric Estimation in a Compound Mixture Model with Application to a Malaria Study","ASC 165","FALSE"
"188","Talk 188","03/19/2018","13:52:00","03/19/2018","14:14:00","","Observational Analyses of Cluster-Randomized Trials","AMT 102","FALSE"
"189","Talk 189","03/18/2018","15:30:00","03/18/2018","15:52:00","","On Convergence of Sample Correlation Matrices in High-Dimensional Data","ART 163","FALSE"
"190","Talk 190","03/19/2018","09:43:00","03/19/2018","10:04:00","","On Copula-Based Conditional Quantile Estimators","ASC 165","FALSE"
"191","Talk 191","03/19/2018","12:00:00","03/20/2018","17:00:00","","On Identifiability of Regression Models with Interactions","EME 201","FALSE"
"192","Talk 192","03/18/2018","16:36:00","03/18/2018","16:58:00","","On the Bayesian Semi-Parametric Double Robustness Property","ASC 165","FALSE"
"193","Talk 193","03/20/2018","14:30:00","03/20/2018","14:50:00","","On the Mixtures of Length-biased Weibull Distributions","SCI 333","FALSE"
"194","Talk 194","03/18/2018","16:36:00","03/18/2018","16:58:00","","On the Moments and the Distribution of Aggregate Discounted Claims in a Markovian Environment","AMT 101","FALSE"
"195","Talk 195","03/18/2018","11:07:00","03/18/2018","11:28:00","","On Total Dividends under a Threshold Strategy","AMT 101","FALSE"
"196","Talk 196","03/20/2018","10:04:00","03/20/2018","10:25:00","","Optimal Designs for Estimating Parameters of the Bradley-Terry Model for Paired Comparisons","ART 163","FALSE"
"197","Talk 197","03/20/2018","09:43:00","03/20/2018","10:04:00","","Optimal Investment Strategies and Inter-Generational Risk-Sharing for Target Benefit Pension Plans","AMT 100","FALSE"
"198","Talk 198","03/20/2018","13:30:00","03/20/2018","13:50:00","","Optimal Investment Strategies for Participating Contracts","ASC 165","FALSE"
"199","Talk 199","03/18/2018","10:04:00","03/18/2018","10:25:00","","Ordinal Regression for the Analysis of Health Utility Data","SCI 124","FALSE"
"200","Talk 200","03/18/2018","13:30:00","03/18/2018","13:52:00","","Outlier Robust Estimation of the Total Private Cost of Payment Methods for Large Businesses","AMT 102","FALSE"
"201","Talk 201","03/18/2018","16:36:00","03/18/2018","16:58:00","","Panel discussion","EME 100","FALSE"
"202","Talk 202","03/18/2018","15:30:00","03/18/2018","15:52:00","","Panel discussion","EME 100","FALSE"
"203","Talk 203","03/18/2018","16:14:00","03/18/2018","16:36:00","","Panel discussion","EME 100","FALSE"
"204","Talk 204","03/19/2018","14:36:00","03/19/2018","14:58:00","","Parameter Estimation for PDEs Defined over Irregular Domains","AMT 101","FALSE"
"205","Talk 205","03/20/2018","09:43:00","03/20/2018","10:04:00","","Parametric Functional Principal Component Analysis","SCI 333","FALSE"
"206","Talk 206","03/19/2018","09:43:00","03/19/2018","10:04:00","","Parametric Spectral Density Estimation in Atomic Force Microscopy","SCI 124","FALSE"
"207","Talk 207","03/18/2018","10:25:00","03/18/2018","10:46:00","","Pareto-optimal Reinsurance with Two Constraints under Distortion Risk Measure","ART 163","FALSE"
"208","Talk 208","03/19/2018","14:36:00","03/19/2018","14:58:00","","Piecewise Linear Quantile Regression for Estimation of Ecological Breakpoints","SCI 333","FALSE"
"209","Talk 209","03/20/2018","14:10:00","03/20/2018","14:30:00","","Portfolio of Exchangeable Risks: Aggregation with Partial Information on Dependence","ASC 165","FALSE"
"210","Talk 210","03/20/2018","14:10:00","03/20/2018","14:30:00","","Practical Considerations when Analyzing Small Samples of Discrete Survival Times Using the Grouped Relative Risk Model","AMT 101","FALSE"
"211","Talk 211","03/18/2018","10:04:00","03/18/2018","10:25:00","","Practical Testing","AMT 101","FALSE"
"212","Talk 212","03/19/2018","10:46:00","03/19/2018","11:07:00","","Predicting the Unpredictable: Severe Wildfire Risk Prediction in Canada","AMT 102","FALSE"
"213","Talk 213","03/18/2018","15:52:00","03/18/2018","16:14:00","","Predictive Analytics in Business","SCI 124","FALSE"
"214","Talk 214","03/18/2018","16:14:00","03/18/2018","16:36:00","","Predictive Mean Matching Imputation in Survey Sampling","ASC 165","FALSE"
"215","Talk 215","03/20/2018","13:30:00","03/20/2018","13:50:00","","Probabilistic Symmetries and Random Locations","SCI 124","FALSE"
"216","Talk 216","03/19/2018","09:01:00","03/19/2018","09:22:00","","Probability-Scale Residuals for Continuous, Discrete, and Censored Data","AMT 102","FALSE"
"217","Talk 217","03/18/2018","15:52:00","03/18/2018","16:14:00","","Progressively Type-II Censored Competing Risks Data from the Linear Exponential Distribution","ART 163","FALSE"
"218","Talk 218","03/18/2018","13:30:00","03/18/2018","13:52:00","","Properties of Risk Measures Inspired from the Ruin Probability, the Deficit at Ruin, and the Time of Ruin","AMT 101","FALSE"
"219","Talk 219","03/19/2018","10:46:00","03/19/2018","11:07:00","","Quantile and Expectile Regression for Random Effects Models","AMT 101","FALSE"
"220","Talk 220","03/18/2018","13:52:00","03/18/2018","14:14:00","","Quantile Regression with Nominated Samples","ART 163","FALSE"
"221","Talk 221","03/20/2018","15:10:00","03/20/2018","15:30:00","","Realizing the Extremes: Estimation of Tail-Risk Measures from a High-Frequency Perspective","ASC 165","FALSE"
"222","Talk 222","03/19/2018","10:25:00","03/19/2018","10:46:00","","Reduced-Rank Singular Value Decomposition for Dimension Reduction with High-Dimensional Data","ART 163","FALSE"
"223","Talk 223","03/20/2018","13:50:00","03/20/2018","14:10:00","","Reflections on Interactions with Industry","SCI 333","FALSE"
"224","Talk 224","03/20/2018","14:10:00","03/20/2018","14:30:00","","Registry-Based Randomized Controlled Trials: The Case for Explanatory-Pragmatic Continuum","ART 163","FALSE"
"225","Talk 225","03/18/2018","10:46:00","03/18/2018","11:07:00","","Response Best Subset Selection Model and Efficient Estimation in Multivariate Linear Regression","ASC 165","FALSE"
"226","Talk 226","03/20/2018","10:46:00","03/20/2018","11:07:00","","Revisiting Variance Decomposition when Independent Samples Intersect","AMT 100","FALSE"
"227","Talk 227","03/20/2018","13:30:00","03/20/2018","13:50:00","","Risk Classification and Prediction with Administrative Health Data","SCI 333","FALSE"
"228","Talk 228","03/18/2018","09:43:00","03/18/2018","10:04:00","","Risk Measures Related to both the Information of an Individual Risk and Industry Risk","ART 163","FALSE"
"229","Talk 229","03/20/2018","13:50:00","03/20/2018","14:10:00","","Robust Discrimination Designs over Hellinger Neighbourhoods","AMT 101","FALSE"
"230","Talk 230","03/19/2018","14:36:00","03/19/2018","14:58:00","","Robust Estimation under Cellwise and Casewise Contamination","AMT 102","FALSE"
"231","Talk 231","03/19/2018","13:52:00","03/19/2018","14:14:00","","Robust Hierarchical Bayes Small Area Estimation for Nested Error Regression Model","ASC 165","FALSE"
"232","Talk 232","03/19/2018","15:52:00","03/19/2018","16:14:00","","Robust Mixture Discriminant Analysis","SCI 124","FALSE"
"233","Talk 233","03/19/2018","15:30:00","03/19/2018","15:52:00","","Robust Small Area Estimation in Generalized Linear Models","SCI 124","FALSE"
"234","Talk 234","03/20/2018","10:04:00","03/20/2018","10:25:00","","Scalar on Image Regression with Application to Multiple Sclerosis MRI Lesion Data.","AMT 101","FALSE"
"235","Talk 235","03/20/2018","10:25:00","03/20/2018","10:46:00","","Seasonality in Influenza Mortality: Moving Beyond the Annual Cycle","AMT 100","FALSE"
"236","Talk 236","03/20/2018","13:50:00","03/20/2018","14:10:00","","Segmenting the Canadian Population to Remedy Non-Response in Statistics Canada Household Surveys","SCI 124","FALSE"
"237","Talk 237","03/19/2018","14:36:00","03/19/2018","14:58:00","","Self-Normalized Partial Sums of Randomly Weighted Data","ART 163","FALSE"
"238","Talk 238","03/18/2018","16:14:00","03/18/2018","16:36:00","","Self-Normalized Weak and Strong Functional Limit Laws in the Domain of Attraction of Stable Laws","SCI 124","FALSE"
"239","Talk 239","03/19/2018","12:00:00","03/20/2018","17:00:00","","Sensitivity to Model Misspecification of a Von Bertalanffy Growth Model with Measurement Error in Age","EME 201","FALSE"
"240","Talk 240","03/18/2018","10:25:00","03/18/2018","10:46:00","","Should a Propensity Score be Super? A Comparison of Estimation Methods","SCI 124","FALSE"
"241","Talk 241","03/20/2018","11:28:00","03/20/2018","11:49:00","","Simple Measures of Individual Cluster-Membership Certainty for Hard Partitional Clustering","AMT 101","FALSE"
"242","Talk 242","03/18/2018","14:36:00","03/18/2018","14:58:00","","Simplified Variance Estimation in Surveys","AMT 100","FALSE"
"243","Talk 243","03/18/2018","11:28:00","03/18/2018","11:49:00","","SimRVPedigree: An R Package to Simulate Pedigrees Ascertained for Multiple Relatives Affected by a Rare Disease","AMT 102","FALSE"
"244","Talk 244","03/19/2018","14:14:00","03/19/2018","14:36:00","","Small Area Estimation with Covariate Measurement Error","ASC 165","FALSE"
"245","Talk 245","03/20/2018","09:43:00","03/20/2018","10:04:00","","Small Area Model Selection","AMT 101","FALSE"
"246","Talk 246","03/19/2018","15:52:00","03/19/2018","16:14:00","","Some Asymptotic Results on Tree-based Survival Models","AMT 100","FALSE"
"247","Talk 247","03/20/2018","13:50:00","03/20/2018","14:10:00","","Some Experiences From an Industry Collaboration","ASC 165","FALSE"
"248","Talk 248","03/19/2018","12:00:00","03/20/2018","17:00:00","","Spatial Mixed Model for Binary Response with an Application to Single Low-Density Lipoprotein Dyslipidemia","EME 201","FALSE"
"249","Talk 249","03/18/2018","16:14:00","03/18/2018","16:36:00","","Spatial Modeling of Repeated Events: An Application to Disease Mapping","AMT 100","FALSE"
"250","Talk 250","03/19/2018","14:14:00","03/19/2018","14:36:00","","Spatial Quantile Regression Models for High-Dimensional Imaging Data","AMT 102","FALSE"
"251","Talk 251","03/18/2018","10:25:00","03/18/2018","10:46:00","","Spatially Structured Sparseness in Bayesian Spatial Health Modeling","AMT 100","FALSE"
"252","Talk 252","03/18/2018","14:36:00","03/18/2018","14:58:00","","Spatio-Temporal Noise Models for the Analysis of Functional Magnetic Resonance Imaging Data","SCI 124","FALSE"
"253","Talk 253","03/18/2018","11:28:00","03/18/2018","11:49:00","","Statistical Disclosure Control for Statistical Outputs: Where Do We Go From Here?","AMT 100","FALSE"
"254","Talk 254","03/19/2018","15:30:00","03/19/2018","15:52:00","","Statistical Methodology on Human Microbiome Data Analysis","AMT 102","FALSE"
"255","Talk 255","03/19/2018","16:14:00","03/19/2018","16:36:00","","Statistical Methods for Synthesizing Evidence from Explanatory and Pragmatic trials","AMT 100","FALSE"
"256","Talk 256","03/18/2018","16:14:00","03/18/2018","16:36:00","","Statistical Modelling of Carbon Dioxide Flux Data","AMT 101","FALSE"
"257","Talk 257","03/19/2018","10:04:00","03/19/2018","10:25:00","","Statistical Modelling of Spot Fires in Forest Fire Control","AMT 102","FALSE"
"258","Talk 258","03/19/2018","09:22:00","03/19/2018","09:43:00","","Statistical Opportunities and Challenges in Multiple-Platform Biomedical Studies","SCI 333","FALSE"
"259","Talk 259","03/20/2018","14:10:00","03/20/2018","14:30:00","","Statistics, Science and Technology","SCI 333","FALSE"
"260","Talk 260","03/19/2018","15:30:00","03/19/2018","15:52:00","","Stochastic Correlation and Regulatory Capital","ASC 165","FALSE"
"261","Talk 261","03/19/2018","12:00:00","03/20/2018","17:00:00","","Stop Signal Reaction Time: A New Weighted Frequentist Estimation Method","EME 201","FALSE"
"262","Talk 262","03/18/2018","10:04:00","03/18/2018","10:25:00","","Strategies to Handle Missing Binary Outcomes in Cluster Randomized Trials","ART 163","FALSE"
"263","Talk 263","03/18/2018","14:14:00","03/18/2018","14:36:00","","Strong Heredity Penalized Regression Models for Non-Linear Gene-Environment Interactions","ART 163","FALSE"
"264","Talk 264","03/18/2018","16:36:00","03/18/2018","16:58:00","","Superfast Inference for Stationary Gaussian Processes","SCI 124","FALSE"
"265","Talk 265","03/19/2018","16:14:00","03/19/2018","16:36:00","","Tail Empirical Processes for Stochastic Volatility Models","SCI 124","FALSE"
"266","Talk 266","03/18/2018","10:46:00","03/18/2018","11:07:00","","Tall Tales vs Tall Tails: Rules of Thumb for Statistical Inference","ART 163","FALSE"
"267","Talk 267","03/18/2018","10:46:00","03/18/2018","11:07:00","","Teaching the Statistical Investigation Process with Simulation-Based Inference to Improve Statistical Thinking","AMT 100","FALSE"
"268","Talk 268","03/18/2018","10:04:00","03/18/2018","10:25:00","","Testing for Parallel Carryover Effects in Redundant Systems","AMT 102","FALSE"
"269","Talk 269","03/20/2018","10:25:00","03/20/2018","10:46:00","","The Analysis of Longitudinal Multivariate (Discrete or Continuous) Traits under Irregular Time Measurements","AMT 101","FALSE"
"270","Talk 270","03/19/2018","16:36:00","03/19/2018","16:58:00","","The Challenge of Creating Data Collection Methods that are Neither Too Far Ahead nor Behind our Survey Respondents","AMT 100","FALSE"
"271","Talk 271","03/19/2018","10:25:00","03/19/2018","10:46:00","","The Collection Challenges of the 2016 Reverse Record Check Survey","AMT 102","FALSE"
"272","Talk 272","03/19/2018","10:25:00","03/19/2018","10:46:00","","The Family of Chi-square Copulas and Applications in Spatial Statistics","SCI 333","FALSE"
"273","Talk 273","03/18/2018","13:52:00","03/18/2018","14:14:00","","The Power of Simple Statistical Techniques in the Era of Big and Complex Data: Some Recent Examples from Genetic Association Studies","AMT 100","FALSE"
"274","Talk 274","03/19/2018","13:52:00","03/19/2018","14:14:00","","The Randomized Registry Trial — Opportunities, Challenges and Solutions ","AMT 100","FALSE"
"275","Talk 275","03/19/2018","09:22:00","03/19/2018","09:43:00","","The Relative Deviation from Predicted Values as a Tool to Prioritize Units for Failed Edit Follow-Up in IBSP","ASC 165","FALSE"
"276","Talk 276","03/18/2018","13:30:00","03/18/2018","13:52:00","","The Silicon Valley Wage Cartel: Understanding its Effects on the Regional Labour Market with Dynamic Networks","ART 163","FALSE"
"277","Talk 277","03/20/2018","15:10:00","03/20/2018","15:30:00","","The Status of Statistics Curricula in Canada","ART 163","FALSE"
"278","Talk 278","03/19/2018","14:14:00","03/19/2018","14:36:00","","Towards More Reliable Neuroimaging-Based Biomarkers in Mental Illness: The Case of Schizophrenia Discrimination using fMRI Data","AMT 100","FALSE"
"279","Talk 279","03/20/2018","09:22:00","03/20/2018","09:43:00","","Trajectory Modeling of Gestational Weight: a Functional Principal Component Analysis Approach","SCI 124","FALSE"
"280","Talk 280","03/19/2018","09:43:00","03/19/2018","10:04:00","","Tree-Based Approaches for Personalized Risk Prediction with Longitudinal Biomarkers: An Application to Fetal Growth","ART 163","FALSE"
"281","Talk 281","03/20/2018","14:50:00","03/20/2018","15:10:00","","Two Innovative Applications of Classification and Regression Trees","ART 163","FALSE"
"282","Talk 282","03/18/2018","14:14:00","03/18/2018","14:36:00","","Use of the Segmented Regression Analysis Approach to Adjust for Potential Confounders and Effect Modifiers when Evaluating Public Health Interventions","AMT 101","FALSE"
"283","Talk 283","03/18/2018","16:14:00","03/18/2018","16:36:00","","Validation of Codes and Algorithms are an Essential Part of Research Using Routinely Collected Health Data","AMT 102","FALSE"
"284","Talk 284","03/20/2018","14:30:00","03/20/2018","14:50:00","","Vine Copula Regression","AMT 102","FALSE"
"285","Talk 285","03/20/2018","15:30:00","03/20/2018","15:50:00","","Vine Copulas for Imputation of Monotone Non-response","AMT 102","FALSE"
"286","Talk 286","03/20/2018","10:04:00","03/20/2018","10:25:00","","What is Synthetic about Synthetic Datasets?","SCI 333","FALSE"
